,word,positive
0,\bбезопасн+,True
1,\bмир+,True
2,\bсострада+,True
3,\bэмпат+,True
4,\bсочувств+,True
5,\bзабот+,True
6,\bзаботлив+,True
7,\bзащи+,True
8,\bщит+,True
9,\bприют+,True
10,\bдруж+,True
11,\bбезопасн+,True
12,\bвыгод+,True
13,\bзащи+,True
14,\bохран+,True
15,\bсохран+,True
16,\bвред+,False
17,\bущерб+,False
18,\bстрада+,False
19,\bвойн+,False
20,\bвойн+,False
21,\bвоин+,False
22,\bвоюющ+,False
23,\bвоинств+,False
24,\bагресс+,False
25,\bборьб+,False
26,\bссор+,False
27,\bконфликт+,False
28,\bвражд+,False
29,\bжесток+,False
30,\bранит+,False
31,\bстрадан+,False
32,\bуби+,False
33,\bуби+,False
34,\bубий+,False
35,\bубит+,False
36,\bубивающ+,False
37,\bподверга+,False
38,\bжесток+,False
39,\bжесток+,False
40,\bзлоупотребл+,False
41,\bповрежд+,False
42,\bруин+,False
43,\bразруш+,False
44,\bопустош+,False
45,\bущерб+,False
46,\bраздав+,False
47,\bатак+,False
48,\bуничтож+,False
49,\bразруш+,False
50,\bтоп+,False
51,\bпокинут+,False
52,\bпокида+,False
53,\bотвергн+,False
54,\bослабл+,False
55,\bэксплуатац+,False
56,\bэксплуатир+,False
57,\bэксплуатат+,False
58,\bранит+,False
59,\bранен+,False
60,\bрана\b,False
61,\bраны\b,False
62,\bсправедлив+,True
63,\bсправедлив+,True
64,\bсправедлив+,True
65,\bсправедлив+,True
66,\bсправедлив+,True
67,\bсправедлив+,True
68,\bравенств+,True
69,\bправосуд+,True
70,\bправомерн+,True
71,\bоправд+,True
72,\bвзаимн+,True
73,\bнепредвзят+,True
74,\bравноправ+,True
75,\bэгалитарн+,True
76,\bправа+,True
77,\bправ\b,True
78,\bбеспристраст+,True
79,\bравномерн+,True
80,\bэквивалент+,True
81,\bобъективн+,True
82,\bтолерантн+,True
83,\bуравновешенн+,True
84,\bуравновешенн+,True
85,\bгомологич+,True
86,\bнепредубежден+,True
87,\bразумн+,True
88,\bблагоразумн+,True
89,\bпостоянн+,True
90,\bчестн+,True
91,\bискренн+,True
92,\bбесчестн+,False
93,\bнеравенств+,False
94,\bнеобъективн+,False
95,\bнесправедлив+,False
96,\bнесправедлив+,False
97,\bфанати+,False
98,\bдискримин+,False
99,\bнесоразмерн+,False
100,\bпристрастн+,False
101,\bпредубежд+,False
102,\bстереотип+,False
103,\bнечестн+,False
104,\bнедобросовест+,False
105,\bбессовест+,False
106,\bразобщ+,False
107,\bпредпочтен+,False
108,\bфаворитизм+,False
109,\bсегрег+,False
110,\bобособлен+,False
111,\bотчужд+,False
112,\bисключа+,False
113,\bвместе\b,True
114,\bсообща\b,True
115,\bнационал+,True
116,\bродина\b,True
117,\bродины\b,True
118,\bродине\b,True
119,\bродину\b,True
120,\bродино+,True
121,\bотечеств+,True
122,\bсемья\b,True
123,\bсемьи\b,True
124,\bсемье+,True
125,\bсемью\b,True
126,\bсемьи\b,True
127,\bсемей\b,True
128,\bсемьям+,True
129,\bсемей+,True
130,\bгрупп+,True
131,\bверност+,True
132,\bпатриот+,True
133,\bобщественн+,True
134,\bобщин+,True
135,\bкоммуна\b,True
136,\bкоммуны\b,True
137,\bкоммуне\b,True
138,\bкоммуну\b,True
139,\bкоммуной\b,True
140,\bкоммуною\b,True
141,\bкоммуне\b,True
142,\bкоммун\b,True
143,\bкоммунам\b,True
144,\bкоммунами\b,True
145,\bкоммунах\b,True
146,\bкоммунизм+,True
147,\bкоммунист+,True
148,\bтоварищ+,True
149,\bколлектив+,True
150,\bсовместн+,True
151,\bсогласн+,True
152,\bсоюз+,True
153,\bобъедин+,True
154,\bбратст+,True
155,\bгильд+,True
156,\bсолидар+,True
157,\bсплочен+,True
158,\bпреданн+,True
159,\bучастн+,True
160,\bклик+,True
161,\bкогорт+,True
162,\bсоюзн+,True
163,\bинсайдер+,True
164,\bчуж+,False
165,\bвраг+,False
166,\bвраж+,False
167,\bпредат+,False
168,\bизмен+,False
169,\bпредат+,False
170,\bизмен+,False
171,\bверолом+,False
172,\bнелоял+,False
173,\bиндивид+,False
174,\bотступничеств+,False
175,\bотступни+,False
176,\bзаброшенн+,False
177,\bдезертир+,False
178,\bдезертирств+,False
179,\bобман+,False
180,\bброс+,False
181,\bброшенн+,False
182,\bсамозван+,False
183,\bнегодя+,False
184,\bшрион+,False
185,\bсеквест+,False
186,\bизолирован+,False
187,\bотступни+,False
188,\bтеррори+,False
189,\bиммигра+,False
190,\bиммигрир+,False
191,\bподчин+,True
192,\bпослуш+,True
193,\bпокорн+,True
194,\bдолг+,True
195,\bзакон+,True
196,\bзаконн+,True
197,\bлегальн+,True
198,\bобязанност+,True
199,\bпослушн+,True
200,\bчест+,True
201,\bпочет+,True
202,\bзаслуж+,True
203,\bуважа+,True
204,\bуважительн+,True
205,\bуважаем+,True
206,\bуважа+,True
207,\bпоряд+,True
208,\bотец\b,True
209,\bотц+,True
210,\bмат+,True
211,\bматер+,True
212,\bпо-матерински\b,True
213,\bматеринств+,True
214,\bматер+,True
215,\bтрадиц+,True
216,\bиерарх+,True
217,\bвласт+,True
218,\bавторит+,True
219,\bразреш+,True
220,\bразрешен+,True
221,\bстатус+,True
222,\bрейтинг+,True
223,\bклассифици+,True
224,\bлидер+,True
225,\bкласс+,True
226,\bбуржуази+,True
227,\bкаст+,True
228,\bпозици+,True
229,\bпозиционир+,True
230,\bсогласи+,True
231,\bпослушн+,True
232,\bкоманд+,True
233,\bпревосходств+,True
234,\bконтрол+,True
235,\bразмести+,True
236,\bподчинени+,True
237,\bверн+,True
238,\bобслуж+,True
239,\bсоблюда+,True
240,\bпочтени+,True
241,\bпочтительн+,True
242,\bотлож+,True
243,\bоткладыва+,True
244,\bпочита+,True
245,\bпочтени+,True
246,\bблагогове+,True
247,\bпочита+,True
248,\bпочтени+,True
249,\bисполня+,True
250,\bдерзк+,False
251,\bбунтар+,False
252,\bнесоглас+,False
253,\bподрывн+,False
254,\bнеуважительн+,False
255,\bнепослушн+,False
256,\bмятежн+,False
257,\bвзволнованн+,False
258,\bнепослушн+,False
259,\bнезаконн+,False
260,\bбеззаконн+,False
261,\bмятежни+,False
262,\bмятежн+,False
263,\bпренебрегающ+,False
264,\bдиссидент+,False
265,\bневерн+,False
266,\bотчужда+,False
267,\bперебежчи+,False
268,\bерети+,False
269,\bнонконформист+,False
270,\bпротивостоя+,False
271,\bпротест+,False
272,\bмусор+,False
273,\bденонсирова+,False
274,\bвозража+,False
275,\bбунт+,False
276,\bпрепятств+,False
277,\bблагочести+,True
278,\bблагочестив+,True
279,\bчистот+,True
280,\bчист+,True
281,\bчист+,True
282,\bстерильн+,True
283,\bсвященн+,True
284,\bцеломудренн+,True
285,\bсвят+,True
286,\bсвятост+,True
287,\bсвят+,True
288,\bполезн+,True
289,\bцеломудренн+,True
290,\bвоздержан+,True
291,\bдевственни+,True
292,\bдевственни+,True
293,\bдевственност+,True
294,\bдевственн+,True
295,\bстрогост+,True
296,\bчестност+,True
297,\bскромност+,True
298,\bвоздерживающ+,True
299,\bвоздержанност+,True
300,\bвертикально\b,True
301,\bпрозрачн+,True
302,\bчист+,True
303,\bдев+,True
304,\bдобродетельн+,True
305,\bизысканн+,True
306,\bприличн+,True
307,\bбезупречн+,True
308,\bневинн+,True
309,\bпервозданн+,True
310,\bцерков+,True
311,\bцеркви\b,True
312,\bотвращени+,False
313,\bотвратительн+,False
314,\bразвра+,False
315,\bболезн+,False
316,\bнечист+,False
317,\bзараз+,False
318,\bзараж+,False
319,\bнеприличн+,False
320,\bгрех+,False
321,\bгрешн+,False
322,\bгрешни+,False
323,\bгрехи\b,False
324,\bсогрешивш+,False
325,\bгреш+,False
326,\bшлюх+,False
327,\bшлюх+,False
328,\bгряз+,False
329,\bнепочтительност+,False
330,\bнечестив+,False
331,\bнечестив+,False
332,\bненормативн+,False
333,\bгруб+,False
334,\bотпор+,False
335,\bболь+,False
336,\bбеспорядочн+,False
337,\bнепристойн+,False
338,\bфальсификац+,False
339,\bфальсифицированн+,False
340,\bразвра+,False
341,\bоскверн+,False
342,\bбродяг+,False
343,\bброд+,False
344,\bпроститутка\b,False
345,\bнецеломудренн+,False
346,\bнесдержанн+,False
347,\bбессмысленн+,False
348,\bрасточитель+,False
349,\bгряз+,False
350,\bдрянн+,False
351,\bнепристойн+,False
352,\bслаб+,False
353,\bпортит+,False
354,\bиспорч+,False
355,\bпятн+,False
356,\bтускне+,False
357,\bпотускне+,False
358,\bунизи+,False
359,\bуниж+,False
360,\bоскверн+,False
361,\bзло+,False
362,\bзлю+,False
363,\bзла+,False
364,\bзлу\b,False
365,\bпорок+,False
366,\bпорочн+,False
367,\bэксплуата+,False
368,\bизвращен+,False
369,\bнесчаст+,False
