,word,positive
0,\bбезопасн+,True
1,\bмир+,True
2,\bсострада+,True
3,\bэмпат+,True
4,\bсочувств+,True
5,\bзабот+,True
6,\bзаботлив+,True
7,\bзащи+,True
8,\bщит+,True
9,\bприют+,True
10,\bдруж+,True
12,\bвыгод+,True
14,\bохран+,True
15,\bсохран+,True
16,\bвред+,False
17,\bстрада+,False
18,\bвойн+,False
20,\bвоин+,False
21,\bвоюющ+,False
22,\bборьб+,False
23,\bжесток+,False
24,\bранит+,False
25,\bуби+,False
27,\bубий+,False
28,\bубит+,False
29,\bубивающ+,False
30,\bподверга+,False
33,\bзлоупотребл+,False
34,\bповрежд+,False
35,\bруин+,False
36,\bопустош+,False
37,\bущерб+,False
38,\bраздав+,False
39,\bатак+,False
40,\bуничтож+,False
41,\bразруш+,False
42,\bтоп+,False
43,\bпокинут+,False
44,\bотвергн+,False
45,\bослабл+,False
46,\bэксплуатац+,False
47,\bэксплуатир+,False
48,\bэксплуатат+,False
50,\bсправедлив+,True
56,\bравенств+,True
57,\bправосуд+,True
58,\bправомерн+,True
59,\bоправд+,True
60,\bвзаимн+,True
61,\bнепредвзят+,True
62,\bравноправ+,True
63,\bправа+,True
64,\bбеспристраст+,True
65,\bравномерн+,True
66,\bэквивалент+,True
67,\bобъективн+,True
68,\bтолерантн+,True
69,\bуравновешенн+,True
71,\bгомологич+,True
72,\bнепредубежден+,True
73,\bразумн+,True
74,\bпостоянн+,True
75,\bчестн+,True
76,\bбесчестн+,False
77,\bнеравенств+,False
78,\bнеобъективн+,False
79,\bнесправедлив+,False
81,\bфанати+,False
82,\bдискримин+,False
83,\bнесоразмерн+,False
84,\bпристрастн+,False
85,\bпредубежд+,False
86,\bнечестн+,False
87,\bнедобросовест+,False
88,\bразобщ+,False
89,\bпредпочтен+,False
90,\bфаворитизм+,False
91,\bсегрег+,False
92,\bотчужд+,False
93,\bисключа+,False
94,\bвместе\b,True
95,\bнационал+,True
96,\bродина\b,True
97,\bсемья\b,True
98,\bсемьи\b,True
99,\bсемей+,True
100,\bгрупп+,True
101,\bверност+,True
102,\bпатриот+,True
103,\bобщественн+,True
104,\bобщин+,True
105,\bкоммуна\b,True
106,\bкоммунизм+,True
107,\bтоварищ+,True
108,\bколлектив+,True
109,\bсовместн+,True
110,\bсогласн+,True
111,\bобъедин+,True
112,\bбратст+,True
113,\bгильд+,True
114,\bсолидар+,True
115,\bпреданн+,True
116,\bучастн+,True
117,\bклик+,True
118,\bкогорт+,True
119,\bсоюзн+,True
120,\bинсайдер+,True
121,\bчуж+,False
122,\bвраг+,False
123,\bпредат+,False
124,\bизмен+,False
126,\bверолом+,False
127,\bнелоял+,False
128,\bиндивид+,False
129,\bотступничеств+,False
130,\bотступни+,False
131,\bзаброшенн+,False
132,\bдезертир+,False
133,\bдезертирств+,False
134,\bобман+,False
135,\bброс+,False
136,\bсамозван+,False
137,\bнегодя+,False
138,\bшрион+,False
139,\bсеквест+,False
141,\bтеррори+,False
142,\bиммигра+,False
143,\bподчин+,True
144,\bпослуш+,True
145,\bдолг+,True
146,\bзакон+,True
147,\bзаконн+,True
148,\bлегальн+,True
149,\bобязанност+,True
150,\bчест+,True
151,\bуважа+,True
152,\bуважительн+,True
153,\bуважаем+,True
155,\bпоряд+,True
156,\bотец\b,True
157,\bмат+,True
158,\bпо-матерински\b,True
159,\bматеринств+,True
160,\bматер+,True
161,\bтрадиц+,True
162,\bиерарх+,True
163,\bвласт+,True
164,\bразреш+,True
165,\bразрешен+,True
166,\bстатус+,True
167,\bрейтинг+,True
168,\bлидер+,True
169,\bкласс+,True
170,\bбуржуази+,True
171,\bкаст+,True
172,\bпозици+,True
173,\bсогласи+,True
174,\bкоманд+,True
175,\bпревосходств+,True
176,\bконтрол+,True
177,\bразмести+,True
178,\bверн+,True
179,\bобслуж+,True
180,\bсоблюда+,True
181,\bпочтени+,True
182,\bотлож+,True
183,\bпочита+,True
185,\bисполня+,True
186,\bдерзк+,False
187,\bбунтар+,False
188,\bнесоглас+,False
189,\bподрывн+,False
190,\bнеуважительн+,False
191,\bнепослушн+,False
192,\bмятежн+,False
193,\bвзволнованн+,False
195,\bнезаконн+,False
196,\bбеззаконн+,False
197,\bмятежни+,False
199,\bпренебрегающ+,False
200,\bдиссидент+,False
201,\bневерн+,False
202,\bотчужда+,False
203,\bперебежчи+,False
204,\bерети+,False
205,\bнонконформист+,False
206,\bпротивостоя+,False
207,\bпротест+,False
208,\bмусор+,False
209,\bденонсирова+,False
210,\bвозража+,False
211,\bбунт+,False
212,\bпрепятств+,False
213,\bблагочести+,True
214,\bблагочестив+,True
215,\bчистот+,True
216,\bчист+,True
218,\bстерильн+,True
219,\bсвященн+,True
220,\bцеломудренн+,True
221,\bсвят+,True
222,\bсвятост+,True
224,\bполезн+,True
226,\bвоздержан+,True
227,\bдевственни+,True
229,\bдевственност+,True
230,\bдевственн+,True
231,\bстрогост+,True
232,\bчестност+,True
233,\bскромност+,True
234,\bвоздерживающ+,True
235,\bвоздержанност+,True
236,\bвертикально\b,True
237,\bпрозрачн+,True
239,\bдев+,True
240,\bдобродетельн+,True
241,\bизысканн+,True
242,\bприличн+,True
243,\bбезупречн+,True
244,\bневинн+,True
245,\bпервозданн+,True
246,\bцерков+,True
247,\bотвращени+,False
248,\bразвра+,False
249,\bболезн+,False
250,\bнечист+,False
251,\bзараз+,False
252,\bнеприличн+,False
253,\bгрех+,False
254,\bгрешн+,False
255,\bгрешни+,False
256,\bгрехи\b,False
257,\bсогрешивш+,False
258,\bгреш+,False
259,\bшлюх+,False
261,\bгряз+,False
262,\bнепочтительност+,False
263,\bнечестив+,False
265,\bгруб+,False
266,\bотпор+,False
267,\bболь+,False
268,\bбеспорядочн+,False
269,\bнепристойн+,False
270,\bфальсификац+,False
272,\bоскверн+,False
273,\bбродяг+,False
274,\bпроститутка\b,False
275,\bнецеломудренн+,False
276,\bнесдержанн+,False
277,\bбессмысленн+,False
278,\bрасточитель+,False
280,\bдрянн+,False
282,\bслаб+,False
283,\bпортит+,False
284,\bпятн+,False
285,\bтускне+,False
286,\bунизи+,False
288,\bзло+,False
289,\bпорок+,False
290,\bэксплуата+,False
291,\bизвращен+,False
292,\bнесчаст+,False
293,\bправедн+,True
294,\bморал+,True
295,\bэтичн+,True
296,\bценн+,True
298,\bхорош+,True
299,\bдобр+,True
300,\bпринцип+,True
302,\bобразцов+,True
303,\bурок+,True
304,\bканон+,True
305,\bдоктрин+,True
306,\bблагородн+,True
308,\bидеал+,True
309,\bпохвальн+,True
311,\bхарактер+,True
312,\bправильн+,True
315,\bнеправильн+,False
317,\bаморал+,False
318,\bплох+,False
319,\bобиде+,False
320,\bоскорбительн+,False
321,\bнаруша+,True
323,\bвоинств+,False
324,\bссор+,False
325,\bстрадан+,False
327,\bпокида+,False
328,\bранен+,False
329,\bэгалитарн+,True
330,\bправ\b,True
331,\bблагоразумн+,True
332,\bискренн+,True
333,\bстереотип+,False
334,\bбессовест+,False
335,\bобособлен+,False
336,\bсообща\b,True
337,\bродины\b,True
339,\bсемей\b,True
340,\bкоммуны\b,True
341,\bкоммунист+,True
342,\bсоюз+,True
343,\bсплочен+,True
344,\bвраж+,False
346,\bброшенн+,False
347,\bизолирован+,False
348,\bиммигрир+,False
349,\bпокорн+,True
350,\bпослушн+,True
351,\bпочет+,True
352,\bотц+,True
354,\bавторит+,True
355,\bклассифици+,True
356,\bпозиционир+,True
358,\bподчинени+,True
359,\bпочтительн+,True
360,\bоткладыва+,True
363,\bцеркви\b,True
364,\bотвратительн+,False
365,\bзараж+,False
366,\bненормативн+,False
367,\bфальсифицированн+,False
368,\bброд+,False
369,\bиспорч+,False
370,\bпотускне+,False
371,\bуниж+,False
372,\bзлю+,False
373,\bпорочн+,False
375,\bобиж+,False
376,\bпроступ+,True
377,\bагресс+,False
378,\bконфликт+,False
379,\bрана\b,False
380,\bродине\b,True
381,\bсемье+,True
382,\bсемьям+,True
383,\bкоммуне\b,True
384,\bзаслуж+,True
385,\bблагогове+,True
386,\bзла+,False
388,\bвражд+,False
389,\bраны\b,False
390,\bродину\b,True
391,\bсемью\b,True
392,\bкоммуну\b,True
393,\bзлу\b,False
395,\bродино+,True
396,\bкоммуной\b,True
397,\bотечеств+,True
398,\bкоммуною\b,True
400,\bкоммун\b,True
401,\bкоммунам\b,True
402,\bкоммунами\b,True
403,\bкоммунах\b,True
0,\bбезопасн+,True
1,\bмир+,True
2,\bсострада+,True
3,\bэмпат+,True
4,\bсочувств+,True
5,\bзабот+,True
6,\bзаботлив+,True
7,\bзащи+,True
8,\bщит+,True
9,\bприют+,True
10,\bдруж+,True
11,\bбезопасн+,True
12,\bвыгод+,True
13,\bзащи+,True
14,\bохран+,True
15,\bсохран+,True
16,\bвред+,False
17,\bущерб+,False
18,\bстрада+,False
19,\bвойн+,False
20,\bвойн+,False
21,\bвоин+,False
22,\bвоюющ+,False
23,\bвоинств+,False
24,\bагресс+,False
25,\bборьб+,False
26,\bссор+,False
27,\bконфликт+,False
28,\bвражд+,False
29,\bжесток+,False
30,\bранит+,False
31,\bстрадан+,False
32,\bуби+,False
33,\bуби+,False
34,\bубий+,False
35,\bубит+,False
36,\bубивающ+,False
37,\bподверга+,False
38,\bжесток+,False
39,\bжесток+,False
40,\bзлоупотребл+,False
41,\bповрежд+,False
42,\bруин+,False
43,\bразруш+,False
44,\bопустош+,False
45,\bущерб+,False
46,\bраздав+,False
47,\bатак+,False
48,\bуничтож+,False
49,\bразруш+,False
50,\bтоп+,False
51,\bпокинут+,False
52,\bпокида+,False
53,\bотвергн+,False
54,\bослабл+,False
55,\bэксплуатац+,False
56,\bэксплуатир+,False
57,\bэксплуатат+,False
58,\bранит+,False
59,\bранен+,False
60,\bрана\b,False
61,\bраны\b,False
62,\bсправедлив+,True
63,\bсправедлив+,True
64,\bсправедлив+,True
65,\bсправедлив+,True
66,\bсправедлив+,True
67,\bсправедлив+,True
68,\bравенств+,True
69,\bправосуд+,True
70,\bправомерн+,True
71,\bоправд+,True
72,\bвзаимн+,True
73,\bнепредвзят+,True
74,\bравноправ+,True
75,\bэгалитарн+,True
76,\bправа+,True
77,\bправ\b,True
78,\bбеспристраст+,True
79,\bравномерн+,True
80,\bэквивалент+,True
81,\bобъективн+,True
82,\bтолерантн+,True
83,\bуравновешенн+,True
84,\bуравновешенн+,True
85,\bгомологич+,True
86,\bнепредубежден+,True
87,\bразумн+,True
88,\bблагоразумн+,True
89,\bпостоянн+,True
90,\bчестн+,True
91,\bискренн+,True
92,\bбесчестн+,False
93,\bнеравенств+,False
94,\bнеобъективн+,False
95,\bнесправедлив+,False
96,\bнесправедлив+,False
97,\bфанати+,False
98,\bдискримин+,False
99,\bнесоразмерн+,False
100,\bпристрастн+,False
101,\bпредубежд+,False
102,\bстереотип+,False
103,\bнечестн+,False
104,\bнедобросовест+,False
105,\bбессовест+,False
106,\bразобщ+,False
107,\bпредпочтен+,False
108,\bфаворитизм+,False
109,\bсегрег+,False
110,\bобособлен+,False
111,\bотчужд+,False
112,\bисключа+,False
113,\bвместе\b,True
114,\bсообща\b,True
115,\bнационал+,True
116,\bродина\b,True
117,\bродины\b,True
118,\bродине\b,True
119,\bродину\b,True
120,\bродино+,True
121,\bотечеств+,True
122,\bсемья\b,True
123,\bсемьи\b,True
124,\bсемье+,True
125,\bсемью\b,True
126,\bсемьи\b,True
127,\bсемей\b,True
128,\bсемьям+,True
129,\bсемей+,True
130,\bгрупп+,True
131,\bверност+,True
132,\bпатриот+,True
133,\bобщественн+,True
134,\bобщин+,True
135,\bкоммуна\b,True
136,\bкоммуны\b,True
137,\bкоммуне\b,True
138,\bкоммуну\b,True
139,\bкоммуной\b,True
140,\bкоммуною\b,True
141,\bкоммуне\b,True
142,\bкоммун\b,True
143,\bкоммунам\b,True
144,\bкоммунами\b,True
145,\bкоммунах\b,True
146,\bкоммунизм+,True
147,\bкоммунист+,True
148,\bтоварищ+,True
149,\bколлектив+,True
150,\bсовместн+,True
151,\bсогласн+,True
152,\bсоюз+,True
153,\bобъедин+,True
154,\bбратст+,True
155,\bгильд+,True
156,\bсолидар+,True
157,\bсплочен+,True
158,\bпреданн+,True
159,\bучастн+,True
160,\bклик+,True
161,\bкогорт+,True
162,\bсоюзн+,True
163,\bинсайдер+,True
164,\bчуж+,False
165,\bвраг+,False
166,\bвраж+,False
167,\bпредат+,False
168,\bизмен+,False
169,\bпредат+,False
170,\bизмен+,False
171,\bверолом+,False
172,\bнелоял+,False
173,\bиндивид+,False
174,\bотступничеств+,False
175,\bотступни+,False
176,\bзаброшенн+,False
177,\bдезертир+,False
178,\bдезертирств+,False
179,\bобман+,False
180,\bброс+,False
181,\bброшенн+,False
182,\bсамозван+,False
183,\bнегодя+,False
184,\bшрион+,False
185,\bсеквест+,False
186,\bизолирован+,False
187,\bотступни+,False
188,\bтеррори+,False
189,\bиммигра+,False
190,\bиммигрир+,False
191,\bподчин+,True
192,\bпослуш+,True
193,\bпокорн+,True
194,\bдолг+,True
195,\bзакон+,True
196,\bзаконн+,True
197,\bлегальн+,True
198,\bобязанност+,True
199,\bпослушн+,True
200,\bчест+,True
201,\bпочет+,True
202,\bзаслуж+,True
203,\bуважа+,True
204,\bуважительн+,True
205,\bуважаем+,True
206,\bуважа+,True
207,\bпоряд+,True
208,\bотец\b,True
209,\bотц+,True
210,\bмат+,True
211,\bматер+,True
212,\bпо-матерински\b,True
213,\bматеринств+,True
214,\bматер+,True
215,\bтрадиц+,True
216,\bиерарх+,True
217,\bвласт+,True
218,\bавторит+,True
219,\bразреш+,True
220,\bразрешен+,True
221,\bстатус+,True
222,\bрейтинг+,True
223,\bклассифици+,True
224,\bлидер+,True
225,\bкласс+,True
226,\bбуржуази+,True
227,\bкаст+,True
228,\bпозици+,True
229,\bпозиционир+,True
230,\bсогласи+,True
231,\bпослушн+,True
232,\bкоманд+,True
233,\bпревосходств+,True
234,\bконтрол+,True
235,\bразмести+,True
236,\bподчинени+,True
237,\bверн+,True
238,\bобслуж+,True
239,\bсоблюда+,True
240,\bпочтени+,True
241,\bпочтительн+,True
242,\bотлож+,True
243,\bоткладыва+,True
244,\bпочита+,True
245,\bпочтени+,True
246,\bблагогове+,True
247,\bпочита+,True
248,\bпочтени+,True
249,\bисполня+,True
250,\bдерзк+,False
251,\bбунтар+,False
252,\bнесоглас+,False
253,\bподрывн+,False
254,\bнеуважительн+,False
255,\bнепослушн+,False
256,\bмятежн+,False
257,\bвзволнованн+,False
258,\bнепослушн+,False
259,\bнезаконн+,False
260,\bбеззаконн+,False
261,\bмятежни+,False
262,\bмятежн+,False
263,\bпренебрегающ+,False
264,\bдиссидент+,False
265,\bневерн+,False
266,\bотчужда+,False
267,\bперебежчи+,False
268,\bерети+,False
269,\bнонконформист+,False
270,\bпротивостоя+,False
271,\bпротест+,False
272,\bмусор+,False
273,\bденонсирова+,False
274,\bвозража+,False
275,\bбунт+,False
276,\bпрепятств+,False
277,\bблагочести+,True
278,\bблагочестив+,True
279,\bчистот+,True
280,\bчист+,True
281,\bчист+,True
282,\bстерильн+,True
283,\bсвященн+,True
284,\bцеломудренн+,True
285,\bсвят+,True
286,\bсвятост+,True
287,\bсвят+,True
288,\bполезн+,True
289,\bцеломудренн+,True
290,\bвоздержан+,True
291,\bдевственни+,True
292,\bдевственни+,True
293,\bдевственност+,True
294,\bдевственн+,True
295,\bстрогост+,True
296,\bчестност+,True
297,\bскромност+,True
298,\bвоздерживающ+,True
299,\bвоздержанност+,True
300,\bвертикально\b,True
301,\bпрозрачн+,True
302,\bчист+,True
303,\bдев+,True
304,\bдобродетельн+,True
305,\bизысканн+,True
306,\bприличн+,True
307,\bбезупречн+,True
308,\bневинн+,True
309,\bпервозданн+,True
310,\bцерков+,True
311,\bцеркви\b,True
312,\bотвращени+,False
313,\bотвратительн+,False
314,\bразвра+,False
315,\bболезн+,False
316,\bнечист+,False
317,\bзараз+,False
318,\bзараж+,False
319,\bнеприличн+,False
320,\bгрех+,False
321,\bгрешн+,False
322,\bгрешни+,False
323,\bгрехи\b,False
324,\bсогрешивш+,False
325,\bгреш+,False
326,\bшлюх+,False
327,\bшлюх+,False
328,\bгряз+,False
329,\bнепочтительност+,False
330,\bнечестив+,False
331,\bнечестив+,False
332,\bненормативн+,False
333,\bгруб+,False
334,\bотпор+,False
335,\bболь+,False
336,\bбеспорядочн+,False
337,\bнепристойн+,False
338,\bфальсификац+,False
339,\bфальсифицированн+,False
340,\bразвра+,False
341,\bоскверн+,False
342,\bбродяг+,False
343,\bброд+,False
344,\bпроститутка\b,False
345,\bнецеломудренн+,False
346,\bнесдержанн+,False
347,\bбессмысленн+,False
348,\bрасточитель+,False
349,\bгряз+,False
350,\bдрянн+,False
351,\bнепристойн+,False
352,\bслаб+,False
353,\bпортит+,False
354,\bиспорч+,False
355,\bпятн+,False
356,\bтускне+,False
357,\bпотускне+,False
358,\bунизи+,False
359,\bуниж+,False
360,\bоскверн+,False
361,\bзло+,False
362,\bзлю+,False
363,\bзла+,False
364,\bзлу\b,False
365,\bпорок+,False
366,\bпорочн+,False
367,\bэксплуата+,False
368,\bизвращен+,False
369,\bнесчаст+,False
