Start Time,Duration,Run ID,Name,Source Type,Source Name,User,Status,C,criterion,d,dataset,degree,gamma,kernel,learning_rate,loss,max_depth,max_features,max_iter,n_estimators,penalty,silent,solver,subsample,task_type,tree_method,accuracy,f1,precision,recall
2023-05-26 21:34:06,17.1min,fec72840538e443ba655c7e810cfe550,gradient with word_2_vec,PROJECT,file:///home/samoed/Desktop/ESGanalysis#experiments/sklearn_gradient,samoed,FINISHED,,,word_2_vec,,,,,0.8345041899632006,log_loss,10.0,sqrt,,659.0,,,,,,,0.7812718378756115,0.6452095021795418,0.712780932741321,0.6366317586800866
2023-05-26 20:06:43,9.9min,b4f2cae230ec4cf6a113c28a938a6f81,xgboost with unfreeze_two_last,PROJECT,file:///home/samoed/Desktop/ESGanalysis#experiments/xgboost_model,samoed,FINISHED,,,rubert_base_unfreeze_two_last,,,4.190691115830281,,0.0177242136671729,,10.0,,,256.0,,,,0.9299468711726208,,gpu_hist,0.8853948287910552,0.8225701832583617,0.8469039284342003,0.8095293964125697
2023-05-26 19:56:47,9.9min,c6ab9fd275e64485962c8e0dc37aef92,catboost with unfreeze_two_last,PROJECT,file:///home/samoed/Desktop/ESGanalysis#experiments/catboost_model,samoed,FINISHED,,,rubert_base_unfreeze_two_last,,,,,0.0542244713293121,,3.0,,,985.0,,True,,,GPU,,0.8819007686932215,0.8181986014558419,0.8309678081596529,0.8098583145042255
2023-05-26 19:30:09,26.6min,1564319f94e34175be6e704d467bc1de,gradient with unfreeze_two_last,PROJECT,file:///home/samoed/Desktop/ESGanalysis#experiments/sklearn_gradient,samoed,FINISHED,,,rubert_base_unfreeze_two_last,,,,,0.0321446005031635,log_loss,8.0,sqrt,,774.0,,,,,,,0.8812019566736548,0.8127730410334082,0.8401640612255449,0.7978479364751045
2023-05-26 19:24:47,5.3min,8051e8befc4f4e2887cbb8d3d9345c24,forest with unfreeze_two_last,PROJECT,file:///home/samoed/Desktop/ESGanalysis#experiments/sklearn_forest,samoed,FINISHED,,entropy,rubert_base_unfreeze_two_last,,,,,,,10.0,sqrt,,208.0,,,,,,,0.8756114605171209,0.8032776489705329,0.8409907502496731,0.7861589236581771
2023-05-26 19:22:02,2.7min,edbe19dc94904bb49630f407d4631a32,svm with unfreeze_two_last,PROJECT,file:///home/samoed/Desktop/ESGanalysis#experiments/sklearn_svc,samoed,FINISHED,1.0353710127373914,,rubert_base_unfreeze_two_last,bow,2.0,scale,poly,,,,,,,,,,,,,0.8944793850454228,0.8376567497703363,0.8552617035116444,0.8269261055258793
2023-05-26 19:14:35,7.4min,c70919dad4984b28bfeb99e44fbb78cb,logreg with unfreeze_two_last,PROJECT,file:///home/samoed/Desktop/ESGanalysis#experiments/sklearn_logreg,samoed,FINISHED,0.0065249023801834,,rubert_base_unfreeze_two_last,bow,,,,,,,,772.0,,l2,,saga,,,,0.8930817610062893,0.8330794691070301,0.8476654301272162,0.823808561342871
2023-05-26 19:07:31,5.6min,ebea1fd2490d47f1801f15ae098e007e,xgboost with unfreeze_one_last,PROJECT,file:///home/samoed/Desktop/ESGanalysis#experiments/xgboost_model,samoed,FINISHED,,,rubert_base_unfreeze_one_last,,,3.91090203994753,,0.0462214853857866,,1.0,,,861.0,,,,0.9566090480513668,,gpu_hist,0.8553459119496856,0.7743658228283814,0.7989832719217579,0.763754420046829
2023-05-26 18:49:55,17.6min,d1eb867c6526435a8c05af023aee2b83,catboost with unfreeze_one_last,PROJECT,file:///home/samoed/Desktop/ESGanalysis#experiments/catboost_model,samoed,FINISHED,,,rubert_base_unfreeze_one_last,,,,,0.0723644833148411,,7.0,,,441.0,,True,,,GPU,,0.8560447239692522,0.7741553646452516,0.7980505151351339,0.7635436505696217
2023-05-26 18:24:42,25.2min,03f3715cf13a4ab086f25789fcf9cf46,gradient with unfreeze_one_last,PROJECT,file:///home/samoed/Desktop/ESGanalysis#experiments/sklearn_gradient,samoed,FINISHED,,,rubert_base_unfreeze_one_last,,,,,0.0547491215698906,log_loss,7.0,sqrt,,663.0,,,,,,,0.8490566037735849,0.7635348279547651,0.7967628706782789,0.7501160531808444
2023-05-26 18:18:08,6.5min,c9758512b6b24e9f94c2ac42afa0a3a9,forest with unfreeze_one_last,PROJECT,file:///home/samoed/Desktop/ESGanalysis#experiments/sklearn_forest,samoed,FINISHED,,gini,rubert_base_unfreeze_one_last,,,,,,,9.0,sqrt,,474.0,,,,,,,0.8364779874213837,0.7233536768792287,0.7768886865766076,0.7139323165970696
2023-05-26 18:15:23,2.7min,dc58ad7216d0454ea9114409ac3e9cad,svm with unfreeze_one_last,PROJECT,file:///home/samoed/Desktop/ESGanalysis#experiments/sklearn_svc,samoed,FINISHED,4.643315353922988,,rubert_base_unfreeze_one_last,bow,2.0,scale,poly,,,,,,,,,,,,,0.8609364081062194,0.7791894813825558,0.8033984030086355,0.7684569506984372
2023-05-26 18:05:00,7.7min,3603d15124c647a39c46f02898500aa2,logreg with unfreeze_one_last,PROJECT,file:///home/samoed/Desktop/ESGanalysis#experiments/sklearn_logreg,samoed,FINISHED,0.015223035545016,,rubert_base_unfreeze_one_last,bow,,,,,,,,487.0,,l2,,saga,,,,0.8574423480083857,0.7707248519120653,0.7952846294421162,0.7606808149853169
2023-05-26 17:56:33,6.9min,90e3e5f96c154611a7230e8a20ee67d1,svm with rubert_reviews_parsed,PROJECT,file:///home/samoed/Desktop/ESGanalysis#experiments/sklearn_svc,samoed,FINISHED,4.718974294136547,,rubert_reviews_parsed,bow,1.0,scale,linear,,,,,,,,,,,,,0.7875611460517121,0.6827528989057651,0.7064445998243131,0.6731855422173175
2023-05-26 17:23:08,3.4min,30f5e1e8482f4e42b590b2eadd26a0c4,svm with rubert_reviews_sentence,PROJECT,file:///home/samoed/Desktop/ESGanalysis#experiments/sklearn_svc,samoed,FINISHED,0.3235118721228233,,rubert_reviews_sentence,bow,3.0,scale,linear,,,,,,,,,,,,,0.870020964360587,0.790298441527204,0.8092199814375901,0.7827228833762776
2023-05-26 16:51:07,28.5min,85edfc77fc634b7eabbfceac64e70c08,svm with rubert_base_parsed,PROJECT,file:///home/samoed/Desktop/ESGanalysis#experiments/sklearn_svc,samoed,FINISHED,26.65847763821664,,rubert_base_parsed,bow,1.0,auto,linear,,,,,,,,,,,,,0.7316561844863732,0.6258272320818445,0.6364578360398182,0.6199964877148713
2023-05-26 15:06:55,32.0min,8889fe4885b14fb480a3e7560c3fc7b9,svm with rubert_base_sentence,PROJECT,file:///home/samoed/Desktop/ESGanalysis#experiments/sklearn_svc,samoed,FINISHED,4.573128319748098,,rubert_base_sentence,bow,5.0,auto,linear,,,,,,,,,,,,,0.8252969951083159,0.7343635257340003,0.7559938066516613,0.7266052734292687
2023-05-26 14:57:56,2.1min,533cf330ed4d4f3bb11fcce97158f2c1,svm with word_2_vec_navec,PROJECT,file:///home/samoed/Desktop/ESGanalysis#experiments/sklearn_svc,samoed,FINISHED,1069.9928602554016,,word_2_vec_navec,bow,3.0,auto,rbf,,,,,,,,,,,,,0.7966457023060797,0.7101284344793132,0.7218757281557008,0.7030075521879326
2023-05-26 14:36:08,21.8min,c4e276a1363e45fa84a14f9d5cb54ae5,logreg with rubert_reviews_parsed,PROJECT,file:///home/samoed/Desktop/ESGanalysis#experiments/sklearn_logreg,samoed,FINISHED,2.359640101185875,,rubert_reviews_parsed,bow,,,,,,,,503.0,,l2,,liblinear,,,,0.793151642208246,0.6802638232522292,0.7152496140539412,0.6701558762773017
2023-05-26 14:17:27,16.1min,086899a51e9b40d79da0e1221389f55e,logreg with rubert_reviews_sentence,PROJECT,file:///home/samoed/Desktop/ESGanalysis#experiments/sklearn_logreg,samoed,FINISHED,160.94893888366053,,rubert_reviews_sentence,bow,,,,,,,,525.0,,l1,,saga,,,,0.8679245283018868,0.7928895616013665,0.8047521236072277,0.7862255802716668
2023-05-26 13:56:34,20.8min,b721eb1f401149ae96f7581c0593250a,logreg with rubert_base_parsed,PROJECT,file:///home/samoed/Desktop/ESGanalysis#experiments/sklearn_logreg,samoed,FINISHED,133.69787239804853,,rubert_base_parsed,bow,,,,,,,,180.0,,l1,,saga,,,,0.7484276729559748,0.6320480827119864,0.6608958378947613,0.6233535758840522
2023-05-26 13:23:23,33.2min,9763fe068d4446fa99e4e9fa1d2db207,logreg with rubert_base_sentence,PROJECT,file:///home/samoed/Desktop/ESGanalysis#experiments/sklearn_logreg,samoed,FINISHED,19.59533980801869,,rubert_base_sentence,bow,,,,,,,,951.0,,l1,,saga,,,,0.8322851153039832,0.7456658276106455,0.7634520350250057,0.736550022301348
2023-05-26 12:36:33,1.5min,cd8568d739484a75a9357f5251ec20b3,logreg with word_2_vec_navec,PROJECT,file:///home/samoed/Desktop/ESGanalysis#experiments/sklearn_logreg,samoed,FINISHED,1.4661716017824145,,word_2_vec_navec,bow,,,,,,,,677.0,,l2,,saga,,,,0.7819706498951782,0.6856952518663872,0.7005779374020853,0.6777420864987439
2023-05-26 11:37:37,1.8min,2f68260cc3d94cb198bf2b4600f0b3e2,svm with word_2_vec,PROJECT,file:///home/samoed/Desktop/ESGanalysis#experiments/sklearn_svc,samoed,FINISHED,11.408257242965847,,word_2_vec,bow,4.0,auto,rbf,,,,,,,,,,,,,0.7854647099930119,0.6786597063377785,0.7016018949735026,0.6707433088341955
2023-05-26 11:36:26,46.5s,345e4c64d7e248529a842fa903bff43d,logreg with word_2_vec,PROJECT,file:///home/samoed/Desktop/ESGanalysis#experiments/sklearn_logreg,samoed,FINISHED,0.1653559029674217,,word_2_vec,bow,,,,,,,,555.0,,l2,,saga,,,,0.7735849056603774,0.6626090011132099,0.6900686098312216,0.6537813709277615
2023-05-26 10:16:14,1.3h,8606b2a3321e418084cd7a5fc2548e44,logreg with fast_text,PROJECT,file:///home/samoed/Desktop/ESGanalysis#experiments/sklearn_logreg,samoed,FINISHED,1001.1997375405488,,fast_text,bow,,,,,,,,665.0,,l1,,liblinear,,,,0.6310272536687631,0.4448130097179314,0.5129791870796926,0.4619384876134764
2023-05-26 10:12:00,4.2min,8395df6a8d2d461095dcde78b715875e,logreg with tfidf,PROJECT,file:///home/samoed/Desktop/ESGanalysis#experiments/sklearn_logreg,samoed,FINISHED,11.989271696116562,,tfidf,bow,,,,,,,,677.0,,l2,,liblinear,,,,0.7896575821104123,0.6917460325660295,0.709353416955158,0.683543340411117
2023-05-26 09:41:30,30.5min,b46c4ae9c87546d0aaac8759cca7b11b,logreg with bow,PROJECT,file:///home/samoed/Desktop/ESGanalysis#experiments/sklearn_logreg,samoed,FINISHED,1.2095957446603751,,bow,bow,,,,,,,,2218.0,,l2,,saga,,,,0.793151642208246,0.6933122449872317,0.7101886013153081,0.6852828617361989
2023-05-26 02:06:08,23.5min,e70d7e4a82a64a9f8928de5cd44a7717,gradient with rubert_reviews_parsed,PROJECT,file:///home/samoed/Desktop/ESGanalysis#experiments/sklearn_gradient,samoed,FINISHED,,,rubert_reviews_parsed,,,,,0.9788476115400392,log_loss,4.0,sqrt,,758.0,,,,,,,0.7791754018169113,0.6496247810922471,0.6729056856863259,0.6452566516750348
2023-05-26 01:54:52,11.2min,cff664f577a44e3597bd0a4249f23c9d,gradient with rubert_reviews_sentence,PROJECT,file:///home/samoed/Desktop/ESGanalysis#experiments/sklearn_gradient,samoed,FINISHED,,,rubert_reviews_sentence,,,,,0.3016768592507102,log_loss,2.0,log2,,303.0,,,,,,,0.8511530398322851,0.7591112737609554,0.7760897430778351,0.7529665932659203
2023-05-26 01:35:07,19.7min,3269df2d14854ef7ac65fb42ea7aea0c,gradient with rubert_base_parsed,PROJECT,file:///home/samoed/Desktop/ESGanalysis#experiments/sklearn_gradient,samoed,FINISHED,,,rubert_base_parsed,,,,,0.5443915254280393,log_loss,1.0,sqrt,,781.0,,,,,,,0.7288609364081062,0.6125948151121471,0.6357403153342632,0.6038690792309661
2023-05-26 01:06:49,28.3min,8e26f5df68bb4b3e85865f8539b4667a,gradient with rubert_base_sentence,PROJECT,file:///home/samoed/Desktop/ESGanalysis#experiments/sklearn_gradient,samoed,FINISHED,,,rubert_base_sentence,,,,,0.0521994060386788,log_loss,5.0,sqrt,,962.0,,,,,,,0.8022361984626135,0.6772327786726295,0.7443309991433754,0.6669097614870799
2023-05-26 00:49:01,17.8min,41ae06cdac7e4e1ea9a3616401e6a3d5,gradient with word_2_vec_navec,PROJECT,file:///home/samoed/Desktop/ESGanalysis#experiments/sklearn_gradient,samoed,FINISHED,,,word_2_vec_navec,,,,,0.0542630168772649,log_loss,3.0,sqrt,,682.0,,,,,,,0.7868623340321453,0.6763744209739618,0.7296333618904832,0.6615480214013488
2023-05-25 23:56:49,51.6min,0ff5ea94387f45dab3f034e0cd0574dc,svm with fast_text,PROJECT,file:///home/samoed/Desktop/ESGanalysis#experiments/sklearn_svc,samoed,FINISHED,86092.76428830497,,fast_text,bow,3.0,scale,poly,,,,,,,,,,,,,0.6156533892382949,0.500702458840396,0.5045434925654781,0.5016557456688883
2023-05-25 23:49:34,7.2min,0f0c041c7d594cf189a22d71261b4647,svm with tfidf,PROJECT,file:///home/samoed/Desktop/ESGanalysis#experiments/sklearn_svc,samoed,FINISHED,4.294027379491415,,tfidf,bow,2.0,scale,poly,,,,,,,,,,,,,0.7889587700908456,0.6631894407777797,0.7116108697504048,0.6499610558331067
2023-05-25 23:42:01,7.5min,0e0d7130f60b418dbbf6e1b3ce537952,svm with bow,PROJECT,file:///home/samoed/Desktop/ESGanalysis#experiments/sklearn_svc,samoed,FINISHED,4.864170949023656,,bow,bow,5.0,scale,rbf,,,,,,,,,,,,,0.7952480782669462,0.676921930522806,0.7193386798528255,0.6626495549218102
2023-05-25 23:15:41,16.4min,74f7c4adcb8b4189965b8eb89418b39d,gradient with fast_text,PROJECT,file:///home/samoed/Desktop/ESGanalysis#experiments/sklearn_gradient,samoed,FINISHED,,,fast_text,,,,,0.6816367465957165,log_loss,4.0,sqrt,,977.0,,,,,,,0.6177498252969951,0.4848313904747338,0.52513275293406,0.4840529508445314
2023-05-25 23:08:55,6.7min,c01bfa8169f243c5a6f5b5e94d0d5cf7,gradient with tfidf,PROJECT,file:///home/samoed/Desktop/ESGanalysis#experiments/sklearn_gradient,samoed,FINISHED,,,tfidf,,,,,0.9052311744030406,log_loss,10.0,log2,,951.0,,,,,,,0.76659678546471,0.6479300990343932,0.6732579397413941,0.639516375003153
2023-05-25 22:59:45,9.1min,ff30da5b647842398de4dd875b9eccd6,gradient with bow,PROJECT,file:///home/samoed/Desktop/ESGanalysis#experiments/sklearn_gradient,samoed,FINISHED,,,bow,,,,,0.1128866250572216,log_loss,8.0,log2,,780.0,,,,,,,0.7938504542278128,0.6898345115268062,0.7079106438520769,0.6808435293159891
2023-05-25 16:00:45,31.5min,3922773c10e44255897089937dba84a9,forest with rubert_reviews_parsed,PROJECT,file:///home/samoed/Desktop/ESGanalysis#experiments/sklearn_forest,samoed,FINISHED,,gini,rubert_reviews_parsed,,,,,,,10.0,sqrt,,4401.0,,,,,,,0.7624039133473096,0.5661958517454327,0.6598747960243286,0.5909819835526045
2023-05-25 15:13:00,47.7min,d3bdc2a0c1fe45729bd91b95535e78c6,forest with rubert_reviews_sentence,PROJECT,file:///home/samoed/Desktop/ESGanalysis#experiments/sklearn_forest,samoed,FINISHED,,gini,rubert_reviews_sentence,,,,,,,10.0,log2,,3280.0,,,,,,,0.8336827393431167,0.6929436366189877,0.7319812239905987,0.697784122981241
2023-05-25 14:25:05,47.9min,e892d3f5a6134e49ae56606da7066efb,forest with rubert_base_parsed,PROJECT,file:///home/samoed/Desktop/ESGanalysis#experiments/sklearn_forest,samoed,FINISHED,,entropy,rubert_base_parsed,,,,,,,10.0,sqrt,,3629.0,,,,,,,0.7064989517819706,0.5027226389220522,0.6300366516558168,0.5189080427459823
2023-05-25 13:50:51,34.2min,4fd53b48b247494399ae99a0be4ee9d2,forest with rubert_base_sentence,PROJECT,file:///home/samoed/Desktop/ESGanalysis#experiments/sklearn_forest,samoed,FINISHED,,gini,rubert_base_sentence,,,,,,,10.0,sqrt,,593.0,,,,,,,0.7624039133473096,0.544981537790224,0.6233860548470451,0.5706411178846217
2023-05-25 13:21:38,29.2min,a1d06f9982c441b6bceea181f4d18c00,forest with word_2_vec_navec,PROJECT,file:///home/samoed/Desktop/ESGanalysis#experiments/sklearn_forest,samoed,FINISHED,,gini,word_2_vec_navec,,,,,,,10.0,sqrt,,2577.0,,,,,,,0.7414395527603075,0.5379044312773528,0.7598484123919415,0.5531258236592841
2023-05-25 12:58:29,23.1min,10c2f6b0b72a4174bfdf03d9106ca151,forest with word_2_vec,PROJECT,file:///home/samoed/Desktop/ESGanalysis#experiments/sklearn_forest,samoed,FINISHED,,gini,word_2_vec,,,,,,,10.0,sqrt,,2050.0,,,,,,,0.7386443046820406,0.526188454790692,0.6898387092372426,0.546201255487688
2023-05-25 12:34:33,23.9min,8334fc1075194d5d914c2806f972a1c0,forest with fast_text,PROJECT,file:///home/samoed/Desktop/ESGanalysis#experiments/sklearn_forest,samoed,FINISHED,,gini,fast_text,,,,,,,10.0,sqrt,,4692.0,,,,,,,0.6345213137665968,0.4322659174431664,0.5825895147224788,0.4528003715545867
2023-05-25 12:25:34,8.9min,2263a0e520004921aee8bb8fcce50fdc,forest with tfidf,PROJECT,file:///home/samoed/Desktop/ESGanalysis#experiments/sklearn_forest,samoed,FINISHED,,gini,tfidf,,,,,,,10.0,sqrt,,3693.0,,,,,,,0.6708595387840671,0.4412948652053872,0.5072928868278751,0.4625687459778158
2023-05-25 12:17:11,8.3min,fb878799dfb54f43bd72a0739a1c524b,forest with bow,PROJECT,file:///home/samoed/Desktop/ESGanalysis#experiments/sklearn_forest,samoed,FINISHED,,entropy,bow,,,,,,,10.0,sqrt,,4765.0,,,,,,,0.6680642907058001,0.4377584918615452,0.5008429614714672,0.4599289753699473
2023-05-25 10:37:25,1.5h,25826f32a9ca4b03847a86ec88377169,xgboost with rubert_reviews_parsed,PROJECT,file:///home/samoed/Desktop/ESGanalysis#experiments/xgboost_model,samoed,FINISHED,,,rubert_reviews_parsed,,,1.5207373448446315,,0.0277739043317223,,2.0,,,4047.0,,,,0.9014857330976012,,gpu_hist,0.7847658979734451,0.6568297168779497,0.6949481938192806,0.6505361928907717
2023-05-25 10:02:39,34.7min,172dcfb1e77b435a8ed9714a38564c2b,xgboost with rubert_reviews_sentence,PROJECT,file:///home/samoed/Desktop/ESGanalysis#experiments/xgboost_model,samoed,FINISHED,,,rubert_reviews_sentence,,,0.4074421295182762,,0.0488203531616188,,5.0,,,4383.0,,,,0.8622541126852443,,gpu_hist,0.8553459119496856,0.7587788807270028,0.7826834586076036,0.7520540484839048
2023-05-25 09:41:11,21.4min,e5ec882a9b0142ffae44a2303f008d1c,xgboost with rubert_base_parsed,PROJECT,file:///home/samoed/Desktop/ESGanalysis#experiments/xgboost_model,samoed,FINISHED,,,rubert_base_parsed,,,0.1961950979454241,,0.1555525093924898,,2.0,,,4561.0,,,,0.8717551530282653,,gpu_hist,0.7344514325646401,0.6213654265124853,0.640013666866511,0.6150165309725661
2023-05-25 08:16:33,1.4h,b0a5bccef81a4b0e8c3fcc31dc22024e,xgboost with rubert_base_sentence,PROJECT,file:///home/samoed/Desktop/ESGanalysis#experiments/xgboost_model,samoed,FINISHED,,,rubert_base_sentence,,,0.011185212243211007,,0.0108912616465268,,9.0,,,4891.0,,,,0.8609960219741384,,gpu_hist,0.7994409503843466,0.6669089666733184,0.7309457819418391,0.6586624683250504
2023-05-25 07:50:43,25.8min,11d0129b861d4b79a4d035bd7dde823f,xgboost with word_2_vec_navec,PROJECT,file:///home/samoed/Desktop/ESGanalysis#experiments/xgboost_model,samoed,FINISHED,,,word_2_vec_navec,,,0.008813563913204092,,0.0559857356619839,,4.0,,,3488.0,,,,0.9067981502215764,,gpu_hist,0.7882599580712788,0.6795656294317646,0.7206322543472735,0.6666215357596448
2023-05-25 07:37:33,13.1min,024faf3423f745778410599cd0fc20aa,xgboost with word_2_vec,PROJECT,file:///home/samoed/Desktop/ESGanalysis#experiments/xgboost_model,samoed,FINISHED,,,word_2_vec,,,1.7927770569135575,,0.0283797513280629,,2.0,,,4087.0,,,,0.8238148446227122,,gpu_hist,0.7742837176799441,0.6586035215543413,0.6870486955309797,0.6499190490716807
2023-05-25 07:29:54,7.6min,cd7a859292834690b00fd6a43ddbf362,xgboost with fast_text,PROJECT,file:///home/samoed/Desktop/ESGanalysis#experiments/xgboost_model,samoed,FINISHED,,,fast_text,,,5.160750529843513,,0.287907908399534,,5.0,,,3611.0,,,,0.8743373344650038,,gpu_hist,0.6422082459818309,0.4917135265219778,0.5667145924157615,0.4919655876883004
2023-05-25 07:18:05,11.8min,0cdcb0a102504c7cad61419e362245b5,xgboost with tfidf,PROJECT,file:///home/samoed/Desktop/ESGanalysis#experiments/xgboost_model,samoed,FINISHED,,,tfidf,,,0.27621513714187707,,0.9783628364749848,,9.0,,,1752.0,,,,0.9184955520668348,,gpu_hist,0.7686932215234102,0.6589439870454932,0.6746797628890812,0.6504157342722798
2023-05-25 07:11:04,7.0min,41a3a3cc5e664af1a95c0b2152f64820,xgboost with bow,PROJECT,file:///home/samoed/Desktop/ESGanalysis#experiments/xgboost_model,samoed,FINISHED,,,bow,,,0.47277827873519396,,0.6289618595393487,,3.0,,,1669.0,,,,0.8051085815702586,,gpu_hist,0.7854647099930119,0.6932157117275987,0.6997202308888677,0.6883678255437079
2023-05-25 06:11:19,59.7min,529275c0d3b24abda8327a32d72e9e76,catboost with rubert_reviews_parsed,PROJECT,file:///home/samoed/Desktop/ESGanalysis#experiments/catboost_model,samoed,FINISHED,,,rubert_reviews_parsed,,,,,0.0760833657142559,,3.0,,,3026.0,,True,,,GPU,,0.7819706498951782,0.6602702885631132,0.691893375252158,0.6541371900219184
2023-05-25 05:43:36,27.7min,27b4bd02ad8d4bc2a9a8c0a19d7e8bcf,catboost with rubert_reviews_sentence,PROJECT,file:///home/samoed/Desktop/ESGanalysis#experiments/catboost_model,samoed,FINISHED,,,rubert_reviews_sentence,,,,,0.1299032569885187,,6.0,,,1899.0,,True,,,GPU,,0.8630328441649197,0.7751266494175079,0.7978149660230583,0.7675434691631895
2023-05-25 05:03:37,39.9min,9057e9131d714c00a158ff882c6c2f62,catboost with rubert_base_parsed,PROJECT,file:///home/samoed/Desktop/ESGanalysis#experiments/catboost_model,samoed,FINISHED,,,rubert_base_parsed,,,,,0.0816112219553647,,3.0,,,4964.0,,True,,,GPU,,0.7365478686233403,0.6258475964745623,0.6611909779208482,0.614700845133371
2023-05-25 04:02:00,1.0h,038578bd60734eae8a28327354f4af21,catboost with rubert_base_sentence,PROJECT,file:///home/samoed/Desktop/ESGanalysis#experiments/catboost_model,samoed,FINISHED,,,rubert_base_sentence,,,,,0.5446370819764662,,4.0,,,3799.0,,True,,,GPU,,0.8022361984626135,0.6863391152221593,0.7283660130718954,0.6755918258559851
2023-05-25 03:44:30,17.5min,0b9a2f209cad429e9add1ac422e69911,catboost with word_2_vec_navec,PROJECT,file:///home/samoed/Desktop/ESGanalysis#experiments/catboost_model,samoed,FINISHED,,,word_2_vec_navec,,,,,0.0934897769189691,,4.0,,,2850.0,,True,,,GPU,,0.7875611460517121,0.6874825915168037,0.7191749408427954,0.674247879236049
2023-05-25 03:10:11,34.3min,91cf8a4d059641228f0f4ea8c4677685,catboost with word_2_vec,PROJECT,file:///home/samoed/Desktop/ESGanalysis#experiments/catboost_model,samoed,FINISHED,,,word_2_vec,,,,,0.6738750881987647,,8.0,,,4675.0,,True,,,GPU,,0.7735849056603774,0.6654591631566883,0.6947206104814801,0.655476953131347
2023-05-25 02:53:50,16.3min,cac334aa12874fbbbfb12c15d2a3e50c,catboost with fast_text,PROJECT,file:///home/samoed/Desktop/ESGanalysis#experiments/catboost_model,samoed,FINISHED,,,fast_text,,,,,0.1646653837064907,,4.0,,,4973.0,,True,,,GPU,,0.6289308176100629,0.5111725704293776,0.5514883492576601,0.5043564346636421
2023-05-25 02:08:47,45.0min,81aa0fa31b7d4b3b92b44656280d438e,catboost with tfidf,PROJECT,file:///home/samoed/Desktop/ESGanalysis#experiments/catboost_model,samoed,FINISHED,,,tfidf,,,,,0.158470366833669,,7.0,,,4960.0,,True,,,GPU,,0.7819706498951782,0.6646872700045521,0.6943595746007393,0.6527790155426832
2023-05-25 01:59:17,9.5min,faca59c2903949f9967922844199eab9,catboost with bow,PROJECT,file:///home/samoed/Desktop/ESGanalysis#experiments/catboost_model,samoed,FINISHED,,,bow,,,,,0.4730890125279097,,5.0,,,2931.0,,True,,,GPU,,0.790356394129979,0.6864183304774626,0.7055964420560704,0.6765147926307654
